-- phpMyAdmin SQL Dump
-- version 5.0.1
-- https://www.phpmyadmin.net/
--
-- Hôte : 127.0.0.1
-- Généré le : lun. 31 juil. 2023 à 13:47
-- Version du serveur :  10.4.11-MariaDB
-- Version de PHP : 7.4.2

SET SQL_MODE = "NO_AUTO_VALUE_ON_ZERO";
SET AUTOCOMMIT = 0;
START TRANSACTION;
SET time_zone = "+00:00";


/*!40101 SET @OLD_CHARACTER_SET_CLIENT=@@CHARACTER_SET_CLIENT */;
/*!40101 SET @OLD_CHARACTER_SET_RESULTS=@@CHARACTER_SET_RESULTS */;
/*!40101 SET @OLD_COLLATION_CONNECTION=@@COLLATION_CONNECTION */;
/*!40101 SET NAMES utf8mb4 */;

--
-- Base de données : `gestiontalents`
--

-- --------------------------------------------------------

--
-- Structure de la table `hibernate_sequences`
--

CREATE TABLE `hibernate_sequences` (
  `sequence_name` varchar(255) NOT NULL,
  `next_val` bigint(20) DEFAULT NULL
) ENGINE=InnoDB DEFAULT CHARSET=utf8mb4;

--
-- Déchargement des données de la table `hibernate_sequences`
--

INSERT INTO `hibernate_sequences` (`sequence_name`, `next_val`) VALUES
('default', 9);

-- --------------------------------------------------------

--
-- Structure de la table `o_to_meet`
--

CREATE TABLE `o_to_meet` (
  `id` bigint(20) NOT NULL,
  `finishdate` datetime DEFAULT NULL,
  `manager` varchar(255) DEFAULT NULL,
  `notes` varchar(255) DEFAULT NULL,
  `startdate` datetime DEFAULT NULL,
  `talent_code` bigint(20) DEFAULT NULL,
  `manager_confirm` bit(1) DEFAULT NULL,
  `talent_confirm` bit(1) DEFAULT NULL
) ENGINE=InnoDB DEFAULT CHARSET=utf8mb4;

--
-- Déchargement des données de la table `o_to_meet`
--

INSERT INTO `o_to_meet` (`id`, `finishdate`, `manager`, `notes`, `startdate`, `talent_code`, `manager_confirm`, `talent_confirm`) VALUES
(1, '2023-06-09 17:07:00', 'Slim Hsairi', '', '2023-06-09 16:06:00', 2356, b'1', b'1'),
(2, '2023-06-11 19:50:00', 'Slim Hsairi', 'Lors de ce one-to-one passé entre le collaborateur et son manager, une communication directe et confidentielle a eu lieu.', '2023-06-11 18:50:00', 2356, b'1', b'1'),
(4, '2023-07-20 13:14:00', 'Slim Hsairi', 'Lors de ce one-to-one passé entre le collaborateur et son manager, une communication directe et confidentielle a eu lieu', '2023-07-20 12:12:00', 2466, NULL, NULL),
(5, '2023-07-01 10:21:00', 'Slim Hsairi', 'QDSFVEZFV', '2023-07-15 10:21:00', 2356, NULL, NULL);

-- --------------------------------------------------------

--
-- Structure de la table `t_absence`
--

CREATE TABLE `t_absence` (
  `id` bigint(20) NOT NULL,
  `end_date` date DEFAULT NULL,
  `etat` bit(1) DEFAULT NULL,
  `start_date` date DEFAULT NULL,
  `type` varchar(255) DEFAULT NULL,
  `talent_code` bigint(20) DEFAULT NULL
) ENGINE=InnoDB DEFAULT CHARSET=utf8mb4;

--
-- Déchargement des données de la table `t_absence`
--

INSERT INTO `t_absence` (`id`, `end_date`, `etat`, `start_date`, `type`, `talent_code`) VALUES
(1, '2023-06-08', b'1', '2023-06-01', 'inattendue ', 2356),
(2, '2023-05-26', b'1', '2023-05-16', 'Ceci est une absence inattendue !!!!', 7769),
(3, '2023-04-15', b'1', '2023-04-11', 'inattendue !!', 7769),
(4, '2023-07-15', b'1', '2023-07-11', 'inattendue !!', 3456),
(5, '2023-03-17', b'1', '2023-03-14', 'inattendue !!', 6779),
(6, '2023-07-20', b'1', '2023-07-17', 'inattendue !!', 7765),
(7, '2023-03-16', b'1', '2023-03-08', 'inattendue !!', 4667),
(8, '2023-02-22', b'1', '2023-02-20', 'inattendue !!', 4321),
(9, '2023-07-08', NULL, '2023-07-05', 'Congé', 2356);

-- --------------------------------------------------------

--
-- Structure de la table `t_equipe`
--

CREATE TABLE `t_equipe` (
  `id` bigint(20) NOT NULL,
  `description` varchar(255) DEFAULT NULL,
  `nom` varchar(255) DEFAULT NULL,
  `managerequipe_code` bigint(20) DEFAULT NULL
) ENGINE=InnoDB DEFAULT CHARSET=utf8mb4;

--
-- Déchargement des données de la table `t_equipe`
--

INSERT INTO `t_equipe` (`id`, `description`, `nom`, `managerequipe_code`) VALUES
(1, 'E-chat E-chat E-chat E-chat', 'E-chat', 2377),
(2, 'Réseau 4 Réseau 4 Réseau 4 Réseau 4', 'Reseau 5', 2377);

-- --------------------------------------------------------

--
-- Structure de la table `t_manager`
--

CREATE TABLE `t_manager` (
  `code` bigint(20) NOT NULL,
  `date_debut_contrat` date DEFAULT NULL,
  `date_fin_contrat` date DEFAULT NULL,
  `email` varchar(255) DEFAULT NULL,
  `image` longblob DEFAULT NULL,
  `name` varchar(255) DEFAULT NULL,
  `phone` bigint(20) DEFAULT NULL,
  `years_of_experience` int(11) NOT NULL
) ENGINE=InnoDB DEFAULT CHARSET=utf8mb4;

--
-- Déchargement des données de la table `t_manager`
--

INSERT INTO `t_manager` (`code`, `date_debut_contrat`, `date_fin_contrat`, `email`, `image`, `name`, `phone`, `years_of_experience`) VALUES
(2377, '2021-04-14', NULL, 'slim.hasri@gmail.com', NULL, 'Slim Hsairi', 23232323, 15);

-- --------------------------------------------------------

--
-- Structure de la table `t_talent`
--

CREATE TABLE `t_talent` (
  `code` bigint(20) NOT NULL,
  `date_debut_contrat` date DEFAULT NULL,
  `date_fin_contrat` date DEFAULT NULL,
  `email` varchar(255) DEFAULT NULL,
  `image` longblob DEFAULT NULL,
  `job_title` varchar(255) DEFAULT NULL,
  `name` varchar(255) DEFAULT NULL,
  `phone` bigint(20) DEFAULT NULL,
  `typem` bit(1) NOT NULL,
  `years_of_experience` int(11) NOT NULL,
  `equipe_id` bigint(20) DEFAULT NULL,
  `manager_code` bigint(20) DEFAULT NULL
) ENGINE=InnoDB DEFAULT CHARSET=utf8mb4;

--
-- Déchargement des données de la table `t_talent`
--

INSERT INTO `t_talent` (`code`, `date_debut_contrat`, `date_fin_contrat`, `email`, `image`, `job_title`, `name`, `phone`, `typem`, `years_of_experience`, `equipe_id`, `manager_code`) VALUES
(2356, '2021-06-23', NULL, 'mohamednejib.benayed@sofrecom.com', NULL, 'Team Lead', 'Nejib BEN AYED', 54187792, b'1', 13, 1, NULL),
(2466, '2023-04-15', NULL, 'AladainJebri@sofrecom.com', NULL, 'Ingénieur Support Applicatif Niveau 3', 'Aladain Jebri', 23232323, b'0', 2, 2, NULL),
(3456, '2022-09-09', NULL, 'khouloud@sofrecom.com', NULL, 'Ingénieur Support Applicatif Niveau 3', 'khouloud meherzi', 23232323, b'0', 3, 1, 2356),
(4321, '2020-03-12', NULL, 'MeriemKHIRI@sofrecom.com', 0xffd8ffe000104a46494600010100000100010000ffdb004300080606070605080707070909080a0c140d0c0b0b0c1912130f141d1a1f1e1d1a1c1c20242e2720222c231c1c2837292c30313434341f27393d38323c2e333432ffdb0043010909090c0b0c180d0d1832211c213232323232323232323232323232323232323232323232323232323232323232323232323232323232323232323232323232ffc00011080085006403012200021101031101ffc4001c0000020105010000000000000000000000000506010203040708ffc4003610000103030203060307040300000000000100020304051112210631410713225161711432e142526281a1b1d13472c1f091a2b2ffc400190100030101010000000000000000000000000102040305ffc400251100020201030402030100000000000000000102110312213104224151327113145261ffda000c03010002110311003f00efe8421000945eaf90dae30d3932bbe51a729ab9e1a37296d450c12d477d23412d19c9e88dfc151abdc835de1bd5ca8aa2aeaaa1905331a5d969dc379f9148ecfc2f1dfe3964a3ae7cb245cf2748ce48eadf30b0f1e5deb389ab0d96d874d3375452119193abd4fe14bf87786af7c2e7e2e96a0e5c06a6176c4039e8570965c7175296e6d8e2cb257154349a0b9d9a5636a5cd8ddf8483cd4aacbc5d2c444157e2e7821bf558995f49c6747f0952dee2bda72303a0f539e8ef34b6e36f7d2dda2823612fd1bfea92935ba7b14a2a7db35b9d4a9aa63a9883e33907d16650bb1d73e8886bf7613823c8e14c98e0f6070e4465768bb462c98f43a2e4210a8e608421000842b257e86128031bda5eed4e380123e25bbc7414269da419e6186804e79fa7e6995ceb5b4945de3b6391d5734b75d05fafaeabaa7e2081c5acd4723aff002a32f642fd9b3a7c1afba5c224960e138a828ccee05d3ca448e2e68c8247d4a68fa0e847e8995155d3d4c188278dfb0186b81e8b2b9849ce392c72c4915fb13b7645eab8743a41534c0b276f22d0027544da7b9c6d924635b52cd9c31bfebee983069df1b24752f141721570b806bb67b7381d7e8af1a51d9f0c994e597ed156da1f1d648d0d263782e276d8ee9d5b43db48192020b76dfd96c02d9180b48208d8aa8f0e02d518d19e791cb92f4210a8e608421000b1cad2e6e02c8a8e76969250042fb43b80a0b21782438b9a060faa8adbaf3c3b67b6c714d4ed9257b439da48ce71efe89c718d2beff5b051871111f13bf20ef2fc9671c176e79d4626e4b74e4e7f95cb2cae4a3e8f4a2b4e2562bb5d5455354cabb4d6c9143ac1747ac907d39f915d128a773e9232f3a9da464a895af85e1b44061846c5fab3bffbd1482094c5088c74185c64e9f24e4829c552dc4dc4573b846e2ca4aa108db7c84ae84c757016545f1b24c4f2ef06dff64d2aed4faca973deecb0b718dd4460ece2b22648ff008b2d95cecb5c35ec303ea9c54a4ad97d90a48e8349747515a35ceeef1d190dc83d3609932b5b33e99cdf96400f350ea6a4a8a4a4aaa3a97990901cd763d7e8a4141974b6f8c7ca22693efa7e8b4e395c6d99b2638a6da2448421332821084002c73026338e6b220a008b3a9f172323ce5d84e63a72e8c129356fc4477491ce00458f0adc8ae27bbd1d7d9659b5a9d9e84e329422e215b5f14128800d4f21606b657b0bf4ec7759850c536a7c9f39e472a9ddbd87ba648348dbfdd97369bdd8e2e2952e4a52d444e78889c3fa268213a724ec92c94018e6c99cbdbea99fc7b5b0efcfd95e3956d2232c6da7034eb846e05dd718596c6dc330e1e21cbdb0b4d920a8ab0c3c9c53da6a6100dbf25a3134e2c8cdd91d2f93650842b3202108400210840096ec0995b9e58fe56ac710d248e6131bbd27c5421ad90b1c083b2544be9e4d320c7aac99954acf4304b5434ae4d0a86d747505dde7809db7e4b5ccb5a2427208f75236b19511731c96b8b7b0bcf8bf654b26dba34473452a68574b515af9f0e00c7d4e7ea984f016c7ab3cd1206d3ec0858bbe333b482b8cdea7c0f97a9706ac351dcdc58ed1a8376fdd4c69e5ef2304e324038519ae85f416b2e85825a97fcbfa7d51c2ccad24beb5ee12977ca4e7a7b95a94e304a3e5993a84b22735e09621085d4c208421004422ed16c357748a8686b21a891eed27438edb81e5eaa52f9881968caf1cf0e5d9d6bbe53d66a386c8dc9cf4d40ff85ebbb4574175b7b2aa121cc712320e791c2a74524aacb2b9b3490896986a906d85ad38656b1b1ca0c7281b14d034c32e00cb0a26a58a404e035df780dd4ba6a9a3a466a2450baaa8eabb96b5eff6cfaac8eaca96838864d5e582a490d2c0c397b5af7fde237557c7083914ec71f4685c5e2ae19a1754bf9215349545ed33c6f634f9e56e533c17776e8883d31be56dd5d8eb6e155974e6288630d0dfa84ea92d705334658d7bc7da23252c4a9f0565ea169a1756b9f4f40df8584cd36d807a725af61a3b9b6b5f535af2d61390c3d363ebea148cc116725a3fe14578f38919c37c3557332511d4988f72038039c81fe55fe37295b332caf4b8af24bc1046c85e7fe18edaaaa09c45760e961fbe5e33f37f6f92ecd63e28b55fa8db534957090491a4c8dcec575a380e90a81cd70c8208f44240785c388eabb47655da4476b89b69b9bdc584b9cd91cf6803241eb8f55c5f6cabc48756464156bfd19ee0a7a886ae21243232461e45a41fd95d23091b15e51e17ed1ef1c36f0d8e6ef2119f039ad3cc7b2ec7c3fdb359ae5a63ac0f8243b6fa403b7f725a7d07d1d0c87379e55592869dc155a4afa5ae81b341235cc7004107cc65657c913465ce012b2aefc18dd56d61c6871f6560aa7c870d616fa9510e28ed22cdc3d21864739f3000e96e9ebf9ae6178edbee130732df08841c6ee634ff002a947c8523b5deaff4961a37d4565430606434bda09df1d4af347681c7151c5774f03a4652c7a9ad6120e46acf4f6091dd7882e37a98c95b50e79f2c01d73d02507e629ec26fd06a3e698d05f6e56dfe92b25886fb35db258420294dd9274cb476bd7ca0a110492c9310ecea3a3c87e142e6ed7606109d81682aa08cab32aec8c200352dba0619eba189a325ce01696af24ff8358d7f135187f2d47ff25035c9ea1e1cb0d28b15203adae1133383d7484ddb65a68fc44bddee55b6497553060e4303f45bd5727774ee23c8feca5c372db9274706ed9ed54ec0dae89b878d0d3b9f272e2e4e4aea7dacded9535ada08dd9d218e71c1f23fc85cb1e402aa5b04f9299e8a9c950f3caa8ea923982aa01c2aea27a260010aa0a1202dd239aa69421202a000b72dd52fa4ae8678fe663b2374213b03d53c0b747dc6dd14af606b8b5b9df3f6564ed12f9359787dd2c0c0e7bf53725c463c04f442137f23a4be47942b6a65aba974d2bcb9e7192493d16b1682508499cc3482557480108480a00ab8421302e0c184210803ffd9, 'Team Lead', 'Meriem KHIARI', 23232323, b'1', 6, 2, NULL),
(4667, '2022-10-06', NULL, 'Fatma.BOUASSIDA@sofrecom.com', NULL, 'Ingénieur Support Applicatif Niveau 3', 'Fatma BOUASSIDA', 1234567890, b'0', 6, 1, 2356),
(6779, '2023-06-09', NULL, 'Mohamed.BEN.MLEH@sofrecom.com', 0xffd8ffe000104a46494600010100000100010000ffe201d84943435f50524f46494c45000101000001c800000000043000006d6e74725247422058595a2000000000000000000000000061637370000000000000000000000000000000000000000000000000000000010000f6d6000100000000d32d0000000000000000000000000000000000000000000000000000000000000000000000000000000000000000000000000000000964657363000000f0000000247258595a00000114000000146758595a00000128000000146258595a0000013c00000014777470740000015000000014725452430000016400000028675452430000016400000028625452430000016400000028637072740000018c0000003c6d6c756300000000000000010000000c656e5553000000080000001c007300520047004258595a200000000000006fa2000038f50000039058595a2000000000000062990000b785000018da58595a2000000000000024a000000f840000b6cf58595a20000000000000f6d6000100000000d32d706172610000000000040000000266660000f2a700000d59000013d000000a5b00000000000000006d6c756300000000000000010000000c656e5553000000200000001c0047006f006f0067006c006500200049006e0063002e00200032003000310036ffdb004300080606070605080707070909080a0c140d0c0b0b0c1912130f141d1a1f1e1d1a1c1c20242e2720222c231c1c2837292c30313434341f27393d38323c2e333432ffdb0043010909090c0b0c180d0d1832211c213232323232323232323232323232323232323232323232323232323232323232323232323232323232323232323232323232ffc0001108010a00c803012200021101031101ffc4001c0000000701010000000000000000000000000102030405060708ffc40038100001030303020503020504020301000001000203040511122131064113225161711432810791234252a1b1152433c1164392d1e1f1ffc400190100030101010000000000000000000000000203010405ffc4002111000301000202020301000000000000000001021103211231324113225104ffda000c03010002110311003f00ec012824843560ee5068e84a099d7e81286b77b20070903928b58ec8361cf2538d8da3b2004799c3608dad2394e80941b9418361a941a94069d944b8dda82d3107d6d4b220780793f84012c04ac2a07f5a591b4e258ea7593c300f31fc24c5d5b15452bea22a49431a705d210d08370d08095858c7f593e6a86864b4b042ccb9e49d6e70033803b153e2eaf8fc3a7f1e8a66493b80681c01ea4f608d0c34d84602a683aa6d13cd2462a434b0e353861aef83dd5cb1ec9581f1b839a46c41c84181e128046004784009d394a1b846023c2004e11e11e11e1002708f095841001610468200ce06b8f253ad8c774969cfca75a83453580764e00920258400602506a00258083020d4cd756d35b68df5757208e160c927fe93f2cac8207cb2380634124ae43d597fa8bf54be9e393c1a48dd9f31e506a5a585c3f5164aa92434dae2846431ad0351f424ac55eaef5b3d7075654ba4796e719d87b261f0c50c60893512988a99f55381a091eb859a3a91ba4ae92290d43cf9f3e509f9ab6e7701a4d439b0e73a01c6569a83a563958d32348c84d56f4c54404f80c3a73b293e59dc2df86b34aca2aa3471b9e5ac0ee0170d47f0a44f797dc2606a2799d167043df9cfe1467d8ee0f3f6f1d93d4963aa6bb0f84927b91c27f342fe3afe12ab2fd4d3c1f4f03647ba16686f8bb8c7b01b0feeac3a6baaef16e87ca5d352b3ee63db9c7e5574bd3d3c40bd8c1a8ff755d575178b7c5e13d8f641e8d18085498b5c6d7b4769b4759db6e310f15de04bc16bb7c7e5692392395a1f1bc39a7b82bcf76eb8db994f1b5cda83393e7f30c12b4764eb98ac7727445d2cb42e760eb764b4fa8f64da4dc9d900469aa6a88aae9e39e0787c4f1a9ae1dc27568a24f295945846800208208002082080284b7273dd29a48e500958051a30e3538132364e0720c1c09c09b6950ef7728ad56b96791c03b1868271ba0c31bd71d4844ff410bb10b479dc0fdc7d3e1615ce86e2cf0e289e2727770e0a7ea64a9bf569d44924f3ecb5b69b0c5451372017f72a37c8a4ebe2e27451db3a483c07543bf0b5b43d3f49001a611f90a7430b1a3853a1000c2e676e9f67628985d0cb6963680dd0001c20ea56bb6db0a5908805981e44236a63ce435bfb227d0f82386e3e159b5a546ac0e11e5360aab5908431b80d4c6fec84d6c82aa22d918d734f621107168c27a19c705660e64ae3d094d36a7c0df0cfb2c4ddec5556976258cba2cecec2eda0e46ca355d0415b0ba29a305ae18dc279e5a9237c534517e98753c12500b3cd26248bfe3d4791e8ba5ae1978e9892cb5adaca4d4d635d905bd9750e90ea017db582f6e99e1f23c6773eebaa6935a8e1e4872cd1a082098981041040010410401420a50728325c2089c59ac17e321a393f0a0bfa92959f48ec1f0aa25f08b8ff00eb776052e8ed17e0e5286cb38eeaa860a7b84d242eff006b37811b41de671c600fdd4aff00c8e16cd15318899b4875410e1a20dbf99c76cfb234cc65e07e1736ebfb8c957728e8d8ff00e1b762c1eab7115e692a229a489c5d1c63ef234b5c7d89e572e935575f64a994e06b240073dd63ae8689d668ac3668e929d8f7005e464abe6800a8544f2630a6b79cae1a6dbd3d4858b07a3e54a66c0288c2a44672b10d487894a602525ad253cc69ee9d11a7838d1b26aa230f6613c0144e6e42d269f7a56c906deea318cb5cad1d097a41a5f659acb7921987ed4f2021733b230101a8875d4eda9a57c6e00e47758bb1573ac5d46dd230c73b43db9ec56fa46e5b8581ea8a27d357c752c1b13bab713c7873f3cead3b0821c010720f746abac5522aecd4b283b98c039f50ac5749c2041041000410410072c7c6e9a46c6d39df3f1f099afa78d9493d33da5e67c16498c39b20dda4fe7ba9b3d3cb0481fa7243b6c8e7f08a69193b34cec70989f2b6360d8faeea25c7d964b855cf4d573f80d30460c709048f18f2f77afb2296cf5d06b9e48a2ac7976a3a861a0fa868dbf7ca9105deae9b440d31d53f3a400783e85db04e497baea935d05343087534243a4ce43a5c67437d70395a619aaca9d346f0f25f23ce0e76d3ec3d151d04cdfa9d3df2ad6f3886dd495919d7f54dd6e047da7bff00754b698f37161dce5dc2c7f11e3e48e8341162107d54cc06842166989a31d938d8f51e171becf425898c1270a643160ee92c840c1f44fb4805091955fc24363184b1194d36768e52c55463baaac399aa165a421a49ec91f531bbba1f54c6ade8ccafe0f066dc22d232a2bee31b01c901362eb4e4e0c8d1f95ab0cf0a271602133245e8147173a7d5832b7f74b173a571c78adcfcadc05a843b23b2a6ea0a115b6c940d9ed1a9bf2af6401c3534823d93618d7f95c3676c56258ca37b22ba38e7a760ce4b8641cabf551608c434d2c4386c871f0add7527a8f3dac604104169804104100679f0b5c738dfd70a1cb6ea696231ba3d2d71cbb412d2ef92372acdcc3dca6dcc0a5854aa367a4f1cccd25ae6b34c2d00698bdc0f5f74cc364829cdb8324796d197b8e7ff006b9c304b95b166384941a62fa9a945b6cd0d23497b3c6739b9e40273854960849bcb011b06ea5a8eb466aa184f70e598e9490cb7b941ecdc04b5f11f8fe48e8b0f98809e9e6868e32f91c1a02832d7436da292a6639d23cadf52b9e5d2eb73bc54389796459d9bc6cb9e674ec6cd555f5a52c2e7341d82a1abfd4a8a171642dd47d565eaed53c837932556496291bbbb3f3855531f64e9dfd235f17ea0d4cf26e5ba4ad0db7a81d58395ca18c8a9a4c139c2d5d8ab63739ad69dd2f2259d0dc6db78ce8cdae760612feae4233d946a28c3e10e2324a9c29d85b8504ce968ccddae13b5fe5761a163ae979a9d5fc37b9a07a15a8ea1732983f57e160aa4cd532e18de4abf1a39f95ff04bafd702ec195ff82ad2df799cbb32cafca16fe9d926c1924683ecaf61e982c196bb51f6dd59da44571b7d96f68eae9298b639017c67fb2dc5beaa1af0c922702d711b7a2e642dec864c387982d8749e62a8d3ab2d3d92ea66b4d235366796baa83f63e29015be554506d71ad69c001e080ad81565e8e2af629045946985020820802b5ecc28efd949ab95ac247755cf9729195f629ce09a71492e27b22394a6997eb39bc3b7b1bb92f3cfa2cc747826fae18fe4cad5758c40db9af3c872cdf44b35dea571fe58ff00ed657c594e3f91a8be82e8dadc6cb332f84dc6adb270d03971f40b5777198c9f40b1558f9a190cb4d09926c61a4f0d5ccbbe8ef4b169364f02959aea5ec8198c9c9dd67ebaff006739f09d24838c81b28cfa27d74139b8f8aea83f68cec15337a6abdcee238987b97f0ad133f6ce7bbb7f14499e5824c3c44e6b5db8242976e8da2a627c0ecefb80a6b6843e961a62e0e118c64057166b2b44c1c1bb6565d2486886d9b4b5e4d3b09f4565a4f651a921d0d6b71c29e19bae648ea6cc0f5753ff001c4927d8162db2cafa90ca681ce24e013b05d6ef342cab85cd7341c2c3d55bdd492e746c0f215f8e97a642e7ed19b9ba92b6db5461f063d4c38215e59baf1ef9f454d19240dcc7d943a8b451564a65918ff10f24394ca0b1d343a8419697f25c7255bf5cec878defb34cf9e8ef500aaa494091a7ccdee55d5858592b49e5515afa6a9e12d7c72b9afef8eeb55434c29c8c1ca936b7a28936b196114a59d4d333271244d700af41d96764cffe474521380f848fc82afdb83b07671ce0aba7a70d2ec741461c901a1282611a15a9041041853d43fc5249e54621384e524a42c378c218dd288f64cd4caea6a696668c96b491f2b1bc3667ca92450f5a8f0ac65cedbcc151740421f3d54be8d03fbab8d4dbe4221af19ee8ba6a8e3a0aeaf862ce8d6dc28be44e70eb7fe77c55d973574a2418770aa2a681e5da628c63d5692566a6eca3690dd9419d10fa3195162a991f9381f01457f4fc8377b9c7e56f5cd047098744dcee015be4c6f14ccad258f182e186abba1a56b1d968fb460052660183013b44d071dce52b6e9862944b899a5a0909f1c20e1e54607002748937a352c5ace557d4db63972d7346eae4b0966472a1c8edf71829b01569989fa75ad797376f852a86cad6e0bb9f857adc1e42586e0ec11ac6e86a2a3646d0027d91969db84eb5b9e53800ec997649bc215c99aa185fbea613a482a2582a2a1d797991e74386304ab4aa2d6c00b80fb95751811dda32382709d7b36127148d703b728c1490d184b030ae7980ca08f08205297422d2a47864940c39ee90b11b4a62b19aa8e407b853fc151eb2271a6780374b5e8a70f5c8999f652c70523aa1c74e360a058eae396bab5ec39c96a9d7379651869fd950db8456ebcc91349d32c6d71cff005775cf9ecf4b975ad66c1d5381ca64ca495084ed9371ba7049b246cc94490ff53ba4929ad5939088bf09747422721ef6b0772029a6a29a9181ba80c0e49557313b96f3d9622fd21ad73a17cf231cd3d891ba69ed9ae74e833dd81380723d93715d0ea1bae676e3596c049aa92569e1ae39566cbd9273e60ef44de2f7a11394b19d164bd53d1406a2ae78e28c7779c25d35e6dd76849a6958f18d9cd5cdaeb6917c8193d53de4c7f6b01dbf656761a7347108e1639a38ce153710ab8d37a6ce1973907f7532320aa68896637dc2b281fa80dd4d3369744d08cbb4a48290f70c1544430857ca9f0adb9ee646809ab7b5d3d5d2bb9eeabafb37d4d651d035d82e25c7d95e5a298d2d445138ea7346729d7b46cd64334ac76a1c2706530ec83a9bcf71ea9c6481c3232ac99e631d08220ef64168a408f26305db3bb84a49d600c928bc469e082a65c7309123731b87b22f1021e203b2017451496f8ebb51909059c05cfba85d25bafb0b8bb7031f85d3a6c46e738e0346eb9175957b6a2f2e0dddac1cfba84afd8eeab6e34d751cc1f1023beea6b5c4acaf4f5787d3b5b2380f4dd69a37e46c54a9632b15a896dfb72997bb07944e9b0dcf65515573645900e37e1266954d2f659b5e24dc70a355d1d2c999248da4fae154baf5804877e0265d7296618dd378b0fc884575342eff008f6501f4cd85a1d8fcab88a925a968db4fca986cbe253e873867b6e99561370ebb205aeac3705fb80b4b14d1bd80b4b56664b554533c001a59df494b6ba6880c6a684efb156cfb35008f50a542ed3c159092e423032f25ca75baec242039dca5f161e6bd1b063f2329b9e411b4b9c764c53d435cd1baa9ea4ba368e908cee42a4a274f0cf8b819faae291aec8d7a42e976e6b5f2990fdc02e3b6495f557c89d13325aed4bb25003143fc4d21eee4056cece677fab2cb58f548712c3adbf9091e2047e27c954c39471b50d23201414291ef8e4d61a741e505986619ab9574b53bb5c5ace1a0152ed8258a99ae7b8927b1552d963aa8d8d61dc957832d635ac6e481b00b875ee9eab95984b13e51f8cabc78b1499908f37f28eca97a9babe0e9b8dac34d24d3c832c0061bf92af15e5d1c9c91e3d91aff00d552d3dc8d27d04be113a5aece1d211c903d1673ab67b7d75928e7b7d3989cc73c4c5df7177b95061afbb5dae82a6078a8b9d48d2df2f969da7d1686ff00d355167e97963a8ab6d4912076a0cc7988dd5d4a44ff00253e9be8c151dc1d4f23034ada5aaf6d95803dc32173e034f2a4db2b0c5380e3b6546e34bf1f2633a3d4d768a77bc1e46cb11595d2f8eecbb92af5f51e352039d82a0aba19ab4ff0da542124fb3ab935ae89948f87497cf280df9472df608fcb4ad071b6a2a2d2f4899580cd3bc3bd356cac23b0fd08c7861e3d484fb1bec226f3d1025bcca7774ce07e53b0de263111f54ff8cab1820843887c2d3f213ff454c5dafc0667e13273fc3a222b374a78aed51af2d7487df7560cbfd442cff710b9f1fbb558b218f2008db81e814975b1d54cc3c06b4a6d9fb17921ff004ced4de2df3b730bc35fdda537415e7ea416f03f65753f4c508661918d7eb855dfe9df493680006a5d9fa392a2b74d850d613087ed8c2c8752dc9d5554e683e51b632a7d5dc451510602338585acae7cf545c3d53f1cfd93e5ac58687a65efff00550623baec343512085a276e1d8e5725e87a37cd72133b80785d7a3c6803b2a9c94c96d932961e4a88dd4ce370a435d9e0add10773a81046c8221f2820dc39d58d92c9278a416b3b03dfdd68ab2ed05ba9b5643a4ec32b1d2de2a29622631e6230ab3c5b855c9976fdcfa2e4f0d7acefae55e917159d4d52f932dd813bbd4af123be52c74f5d187071ceac6e02a7a9962a4a277f0fc6a82dcb583700fbabde9fe9bbbd4d28352c31be56795f9c18f3c6df09d4efc493bfba35768b2db6d34e1b434ed66a1e67f2e77c94cfea05ba4aae9691d08ff8312100e361dd5d4340ea5a78e22f2f2c681a8f270a6d6d2b6b6866a67fdb230b4ae894fece6a7df4795a79353dc06dba4b5ed6907bab5eaeb40b1dee5a30e274ee491807e1501900086874cd1d1dc9c5a232e185a2b6b98f6f94ae7304a5b2b7276256eacf201037072b979a711ddfe7bd78685a303291515ae89bbb738451bcb9a13551b8dc2e6fb3bbeba2b6a6f6c8f398db9f60ab875402e2d6c38f94e5c681cf6b8c63cc552476b91afdf72ba23c73b39aef953c469292fce91c3cad0afe9ab64999e6242cadba84c641705a5a701ad180969afa1a1d52fd8b3120c055b72c0697e324296d271955d759832225ce18c2c95d857a31d7cae7c9e5277f65421ce7118f5536e733659dc4285102e70c05dd0ba3cbe4ad6748e8874f1b33a090e3e8b6737511a47f8628a5791dfb2cd7478305b417021e7924ad299cbfed1e6f65b845bec4b7aa66232281ff001ba9f477a967ddd48f8f3ea142faa9e2075b0e0770121f750dec72b7c4c34eca80e19c84163e5ea074432d612823c4dd39f545547431992a26d4efe91b95b2e93a7ff53a66d4c91f871168d2d3dd672fb6da76b71a3249c05d02c54e29a8628c0c00d030b92ebae8ed88c653f48dbd8ebdd478cd1235950ed3a867baeaad611e81735b03fe96ef519e0ce48fdd74c1b8055787bd23fe8e9a08b49ee94820ae731c67f54fa62085eebbbea9e259724877db81c01eeb8fbdc35af54f5474c527535bfe9ea4b9a5a72d70f55e5fba51bedf71a881ed23c391ccdc7a1c219492217863b2b5762adf2b70763eab1af3952a8ab9d03b4e7653b8d45b8afc6b4eb94ce6c918c3812a6369584e5dbac2daef85acf33be15bc77f796e927f395c15c75a7a71cd2d1a2929622d2dd2a38b731a7381fb26e9ae0d9a31e71a8251b8341c153c68aeaf6498a8a22324001488e9a36f1c2a692e9e193beca24d7b90467cfb0eeab30d93ab945ed6d4474edc64076162efd760f8cb060a62e17b7480bcbf7598abab7d43f56765d3c7c7fd3879b9b7a421f2191c72a5537977ef850a06be499ac6ee49c615c4d4cfa57986561648dfb9a5749c4486ddebe360632a646b318c02adfa7eff0025b6e90d4d44d24b134e5cc2ee5669c7030905c477419a765aefd4ca2ae68a56516863b6d6e7671f0974f6fa9b85399e9a07cb176735b95c7229b439b9392baa746f5957cf2d15920646d63dda03f1bb7b92b4c19ad864881058723918dc7ca0ba1cbd21453cc66927a8748eddced437fec825d60738bdb19355d3b00f3195a303e56ce11a22006d80b2d4ec654f53420f1182ff00cad59380579b4fd23d4466a8272dba4cd03993fed7568ffe36e7d02e4f4ffc1af99ce6e5a1c5c0abd8bf50fea61747052b5b28386bb56a6803f0375d1c34a536ce7e78aa69237a889c0caaeb2dc8dcedc2a240d6bc12d781c679ff00042aabb5f0cae7d351cba5a36926033f81eeba5da4b4e550dbc24de6f6e841a5a2c3ea08dddd99f2b8a757587ea669258fef24b8e3d5747adaaa7b7503e493cb10df73927dc9ee564df54cad1e330ea63c642e7bb7ba76f1714e61c7ea617c1296386e394c1ce16dafd6763c9918dc38f758f9a07c2f2d703f2ad16a911be370f0553573e038ecac23b9ea764bb754841ca009056b94c456d1aea5bb9670e3ba9e2f40ee5e3f2b0a24701c944e91e797148f8d32ab9e91afa9bcb5c76902a9a9bb82301e4aa5c9f54929a61212b9699325ac74bc9fc2446f73df84cb185ee007756f416e24e64c809fa44d6b2cba7a80d4dca9e22d7032bdad047b95d07f54fa605b22a1bad3b5c58e0219c81fcc06c7f3ff0049afd2db38badfdf5ce8cfd2d08c30f673cfff004bafdfacd05facb536da83a6399b8d4064b4e72084216ba78796049a90e5754b97e8c54471192db7264eefe8963d07f7c90b1d3f41f50d34e629adf3b00fe76b750fc109ba17d9454945515b23c53c2f904632f2d6e4347bae95fa5d46e8afe247c39686901e46707d948b174f8a0e969e9a3259532b8be473861c703652ba31b78a4f01d045e3c7aceb6918c0f94937e4cbdf0f84eb3aba0a1d156bead8ef129a5a7919b39920ff0007ba098e72153f4b59e9aa7ea23a53e2e31a9d238ff92a45459e9668c86b4c6efea69562825712fe86574bbd330ce8f80b9fe354bcb5f90430007f72a5dbba42c56b8c329edf19f7973213ff00cb2af11138049ec85133e91af92abdb327d537714517d052e2318fe2160c691e816445d20a3a5357572b2082307193b7c0f529cfd4cae658a28aa5ccc99f2e03fa9fff00f30b8cd44973ea02fabaa91c2922cefc35bec07aa9f8ebd65d5299c9f658755f5a55751541a7a7062a52ec068e5ff2b5d696965be18cf2d6007f658ce9eb4b6573ae3230089a71134f73eab676f930cc297352f48e9ff3452fdabec5d645ada5a465666bad8d7924b56aa7f555755b9528a6bd17b84fd98caab486125832a04942f615b091ad2770144922664ec15972339ab853f4657c277a14a6d3b9dd8fecb43e0373c04af09a380027fc827e1289b6e95c7b8f94fb6d048dddbab43b2537d4a3cd87e2433476c8613a9e751edeca5471545d2be1b65bd9aa699da463fcfc2895754238f4b7393b60775d77f48ba41f474efbed7c58a9986226bb9637ff00d5b29d3d62f2350b11bce93e9c83a62c305be23a9ed1991ffd6eee55e2082b1c646d7332acb5cdcc2e1e53e8548440870cf6478df9400dcd4f0cec2c9a263da790e68299a4b75250e45342d881fe56f1fb296820342411a08001458cf211a0800b18e02278cb483df64acaa397aa2863bab2de449adeed3ab1b656366a4d997fd4ea3b7dc2c71b2bdc59e15437411b673dbf65cc7a8e388d2d35ba9181913881868db0b75fab568b954cd413d3b1f252876921bfcaf27032ab7a8ba70db2be80061747e1005de8ec0c852e4e969d5c194f0a26530828a2858006b5b8011c198cab37c031b850656163d71ee9e978e0e39fa8289333504ee521cb0df655ccd2090a33a224e55ac9182a33a34e989e241d07d121c3d94f310724985a16f918e4aef0cf2426e53a184fa2b091a1a32522d766aaea3bcc36ea5639c1c7323870d6f7253cf6c8db528b1e84e9393a82e6caea86ff00b563f11b48fbcfafc05e8ca5a7652534704630d60c6caa2c16082d14f1b22600d8d9a5807f957abaa57479d75ac0a257d5b69601bf9de74b47a94fcb33216ea71c0ff2a92b7557d753b58092c3ab8d82dd1522da29bf86d0ec071e01e4a7da0e9486c4321c465c3ba75683091a08b84181a0864141000410410011190b9d756d3ba96b5b511334ccd3a83fb6470ba377596eb168fa669c0ce0a5a1e1f654debaaa1b87e9fd4d5c4ed35b1e963a31cb6407fc7745d27713d6dd352fd6c6d6d446fd048ece0320fecb0949bddea633bb1d165cdec77ee16f3f4d5ad6f4c39cd680e354ec90373c2c6939c632d97a8adb85a9f48f745237042cf55c2380ba6f5435ba1a748ce39c2e7353f795c173e3587afc37e709b2ab41071849735497729240f44a5308c20d483a90e32a6c40646c9c7f08d370a67c1a0a8f26caca755353c393493ae88752e2f76860c927031eabb9f47f4d53748f4cba599a1d56e8ccb50f3eb8ce9f81c2e296c00d750e4039ab6039efbaf40f5512de93b890483f4e785dbc7294e9e5f3db77865ec5fa895170b87835144d103dfa58e8f39033b656f659d90b1d2484358d192495cb7a36361aea7058dedd96c7aa5c7c085b93a4bb719e53916bb053beaef7727ca09651b0e1871cfbad0c3032066960c7b948a468652c41a034691b0d9483c2d15b07e51a2f446b4c02082208001683d90468200fffd9, 'Ingénieur Support Applicatif Niveau 3', 'Mohamed BEN MLEH', 23232323, b'0', 6, 2, 4321),
(7765, '2022-03-11', NULL, 'Amal.BEN.KHELIFA@sofrecom.com', NULL, 'Ingénieur Support Applicatif Niveau 3', 'Amal BEN KHELIFA', 23232323, b'0', 3, 1, 2356),
(7767, '2023-02-09', NULL, 'Marwa.MADDEH@sofrecom.com', NULL, 'Ingénieur Support Applicatif Niveau 3', 'Marwa MADDEH', 23232323, b'0', 1, 1, 2356),
(7769, '2021-09-17', NULL, 'KaisGara@sofrecom.com', 0xffd8ffe000104a46494600010100000100010000ffdb004300080606070605080707070909080a0c140d0c0b0b0c1912130f141d1a1f1e1d1a1c1c20242e2720222c231c1c2837292c30313434341f27393d38323c2e333432ffdb0043010909090c0b0c180d0d1832211c213232323232323232323232323232323232323232323232323232323232323232323232323232323232323232323232323232ffc00011080085006403012200021101031101ffc4001c0000010501010100000000000000000000050002040607030108ffc4003c1000020103020304070702050500000000010203000411051206213113415161071422718191d1153242a1b1c1f0235216335472e13453a2a3d2ffc400190100030101010000000000000000000000000104020305ffc40028110002020103030304030000000000000000010211031221310413512232411452618171a1c1ffda000c03010002110311003f00d460d7ee2e6332417d1ca80e0b26c600fbc557f8ab8df53d374c8ae34bbeb795cce237f655c01827bbbf955334e49e0f479751c2cc9dadf147dbdea51723e38a9fae683a5db68f60d63812c854b61c9de00ea7cc1fd4d7b31e9b1c67eadf7f04d2cadc7634a8f57bf68d18cfcc804fb0bf4a63ebd3452ac525f469237dd46da09f70ae51c78853c94567961a3cfabc17d2cb64975772b739de7d8d19c72c2e3a7d315c31e184adbda8e939b8d516ce26e33d6b406b59d1126b391b6cadb46e439eef78cfcab9df71d6aa7882cf49d28c770d2a8926919462343cf3f2e7f11e3513573eabc1b1da5e859ae258c46a376727fbb3e5cbf2a19c2369f616b93d85ec5b2e278d4c6e4f223ae07f3a8c5768e1c7a1cb4ab57fbfcfe8c39bd55e4be1e20997b4cdfc43b3e6f9d9ecfbfc29d1eb7773c62486ed248dba320520fc40acd6c347d3f52e34d662d44ee4123ba425ca87393cfe009f9d0db29eeb4dd0b8a134c965f56866516ec3270a5c8241ff006e28fa483e39dbe3c8fba6ae9c433c933c31dfc4f2a7df45d8597de3ba949af5dc6aecf788a1065890a368f3e55935970f6a0da7e93a8691a4c105c445243746f81edbc415c0c64f2c6797314f8341b7d7bd226bb6d78f20b751bd911b1b8e5719343e931a6f7e3f81ac8dfc17f838938a5f88e6864584694220d14ebb4b3372ff009eeeea26dc417e2411fae28908c84da9923dd8acce08cd97a4fd516dd49ec34e023527aed8e3c7e9556d374abfd7745b9bbb7d2deeafdee377da1eb7864618246dc7e79eff002a1f4b07bec952fec7ad9ba1d7753ff55ffad7e94ab1be2e5b937d626ec1175ea3176dfefe7bbf3cd2a23d1c5abff01e4362b6d1ac6daca4b48edd45bc877321e609e5e3ee14c8f8774c8d368b55eb9c927345d569c16b8ea9791d23904c0c540b8d0ac2e666965801763924123268aedaf76d24dae001b26936924f0ccf165a1004609385c74c0ac73d2771c3b6b0b63a404536a70d78bcd8b75c29f007bfc7f3d578db527d1f83b52bb88e251176719ce08663b723cc673f0aa3705706e9c6c44b7d6b1cf237b599173d45129e98ea6cde3c5dc7464526b3addc48f3c9772c8cedb9d980393573e15f48c9a6588d2f58d2e292c9f3dacd12e1c83fdcbd1bb87756d11681a6c56e552c2d953bc08c55478b783b4cb9d36430d9c514bf859171835c9750f86dd1d97489f1c8534be15e1a77b7d5f4e843ab7f56175918afcb3f977512b7d0ec6cf55b9d4e188add5c8c4afb8907a7774ee1540f44fad5faea37dc37764bc36f1b4d113d6321f0c33de096cfc3ceb5422bbca737cb27514b6a030d06c23d6e5d61623ebb2a766efb8904600e9d3a0141ae7d1ff0e5c5c3ccf624339c9092b2afc81ab5b310792330f118fad37930c8a1649ae18e900f50e1ad33539d66ba819dd502021c8e43a743e74a8c91ce9525926b64c290682d3f1480a76395736cc8d23957b8af48e54d271480a4fa5594c5c0b74154b6e923cf900c0e7f2aaee8fc6b6f67688a2c2ea7c1033be38c11e2016cfcc0ab27a45b582eb47b413e3feae30b9f322a0e97c37676e229059c8f3a28236c60a92b9c1dc7903f2eb4b238d24d16608fa5b4c79f4a3a3ada093ecbd4d8993b2ecc1849ddee1267e38f0f1a1ba9f1adbcb60b24d632c4b213eca48ae540ef600e7e033d289a6825749827548cdd1be6b9201c2b120a95f76de5f006b96adc29a7dd76aed6722cb26e04b205c6efbcd9effceb170ae0ef18b4f9297e8f0c83d27de80cfb5a172c571823208ce7f99c56ceca24c8e781d7cea8bc0fa4dac7a96a7a8c4a864698c48e179a2a80081f1fd2af80f2c577bb21c91a90c2a315c5d32720e0feb5248e75cd850608d92090ca41cf70ce69575a54e802f4e1d2b92c991d29ea6b9b3238f4ae4c69ee70a687cf75cc841ddd4d6a316c122b7c7ce65e15bc9238cc8f6d89d707a6d3927e0326a068bc526eb41865b3b692e59932ea983b7bb9d1abd999eda68bb259524428eac090411d2b12e0ae28ff000f6b12dbccc7d4e4241cf76338c56b363b8ec77c3914654f834f8ede6b7105c0b2ced90c9b177e013cf201e40e723975cd48d778a92db439e7b985e09a200764e79e4f4a69e21b086ddeee4bc46054958c11cbbeb26d5354978a78bede1625acccea18776cc8073f0ae118b93dd15e5ca92db935ce098934ae0a86f6e98ab4b1b5dccc79e01cb67e54524d689d774ab580a3dadedb4b3ef20e70bb0a91f0634c9b47edd7545f5a658efad85baa6dcac38565c819e79dde5d2b826872c5abe8f2c722b5b58d9c96cc5bef1242007ff1aad69e4f35b6c3d637d6fa8d947756b209209012ae0633cf141f58e208edb45bcbcd3de39a4b5ba8eda40c0e15cc88ac3bb980d4fd3f8756c2df48821bc97b3d399db6ff00dddcac30deedd9f8541bfe1798689aa5a5accb2cb7da8adefb63685fea46c57bf3c90d24a1a84ee895aaf15e87a2de7aaea17e904fb43ec6563c8f43c87952a0bc55e8ea1e28d67ed0935192ddbb358f62c41ba679e73e74ab71586b77b89b9dec69029924a10e02927ca96f0a8589c00334c894b02cc7249a999a486cacd347b76ed07ceb9f620649279f5a95815e119a2d9a075cc4bd9c9d15446d93e1cbad7cfbaa709bcd700420a4a7d9f235f416b4e23d1ef09fc5194e9fddecfef59ec9bae596016e46d1b5e66e591e0a07977f766abe992716a4ad326ea24d496966669c2578fb506a0accd90630798c75eff2a35a1e8325acd0c307df6954990f5383fa55b9acd16de5da8bb99c1ced03241ea71eea976904293db0891bda910b13d47b4397f3cabb471c21ba47396794e92d8b1f1169da8dfe8f7767a64eb0dc38c06248f673cc023a72a0925a98b4eb4874cd3b52b5ecf5880cd1ceccec5432ee6cee6ca63cf1c8d5b756d4edb4758ae2e77ac4cfb19c018418272dcfa72f33e553de1120dd8c1a8a33715f82c71b289a7417b0f18ea6218a79a39d25916e258e44ec1fd90101276329ea31f3a81a6db5f7f84752b7b1b0d5adb5ef56513cd76cf895b3ed7664b119c6ec600ea2b44c346dcc64788a7641e62b7ddb33a4c6351b1d4a6b856d134ae26b7b60803a3cacb993bce1893e1df4ab653d6956fea1af81683acd2ac988d581e63762a447ca31432d90aae7396273efa9ed20588799a95f274ad8eca7d9cf8d7a05311810315d7ba9000b89091a515c643caa187975fdaab11a85941db938383e3caacdc4a0faa41cc05ed0e73dfcaabd18191ef033e1ceacc3ec25cbee060ed6664592211c8253d1b70618ce41c0fe66a75ac645edb28c00655fd6bd0159948ea0548b001f51b6079ff540aeb27b1ca2b72e2f1a49b95d559739c30c8aed8c0a601ed9f7d3db90af38bc63a8342b56bc3a7595ccc8a19e389a450dd0903a516ce450ad6ed1af74db9b7460ad2465033741918adc2b52be052b7175c954bce28d5acde359174b62f18906246e40f71f3a54760e1dd2618553d42dd881cc94ce4fc6955bdec1f691f673fdc184084291c8f8532f5b16cc54f35e75d1a2054104861cc1a877f398d500e65db18fd6bcf45c4fb47cc4b9f0a98a73432c9cf662a7ab5313047128cd8c479f293bbdd55cd8f242ed101b94679f41fc2455a75f46934990a6328c1b9f8555fb7ec34cb8791828e44e7e3f4aab13f46c4d97dc4580188471b302ca982de345f454ed7548d08caa9dfcbbb00fef8a0b05c091048c02924e3772c8fe66acfc3510eca6ba20658ec523c3beb795d4598c5ea922c0a39e6bc738af7385a8b3be0139a88b07090160b9e95c6e0ee535c2ca75977b0e80ed07f5aeb2ae49c1e740ce09202a0d2ae1fe5fb3e74ab62a0876b184c48e790ebb4822abd3ea105cf115ac514a1d023608390c707f6ab410194f8d6797b68fa67a43d3225004170659170303ee3123e74a093b0765dedfd9f754d53caa220e55dd4f71ac0ce93c627b79616e8e857e759fdf5b3cb0f622431fb4bbce3240cf77c856820f2f1c55378843db5fcb80023e1d7cf91fdf35474ef7a27ceb6b20adbc925c2451b125f685071de2af76b6eb696d15b27441ccf89ef340b876d4e0decab8c0091e479733fb558d70aa49ea69669dba1e1852b3d738141b5abd4b1d3e7b973858d0b7c866894921e781cea9bc7777eabc2f7d33373d8114671f7881f3c135ca2b73b7c05b879f768f6e4babb6c05994601279e7f3a2dbb70e7d6a9de8f2ecdd688c1a4ddb5f0013d06d1ff3572707a004fba89aa93411768873212f9a55d1b76efba452a5668b38d2601d1e5f98fa547b9e1cb0bb9219261234903168df232a4820e3978134a9549ae5e40eaba2db28c0797e63e94efb1edffbe5f98fa52a54b5cbc80efb2a01f8e5f98fa50ed4f84ac7553176d71751f66723b365191907072a7972fce952a6b24d3b4c4d26a9939346b58e344532054180323e94ff00b2a03f8e4f98fa52a546b97918d3a3db9fc72fcc7d282711fa3fd2f89ac52cef2eafa2895c487b0740588e99ca9a54a8ee4bc81c344f46da568202da5fea4d1e72c9248986e5df84068f0d06d94fb32dc2f90718fd2952a1e49be5892a1bf60c3feaae7e69ff00cd2a54a8d72f233fffd9, 'Ingénieur Support Applicatif Niveau 3', 'Kais Gara', 23232323, b'0', 3, 2, 4321);

--
-- Index pour les tables déchargées
--

--
-- Index pour la table `hibernate_sequences`
--
ALTER TABLE `hibernate_sequences`
  ADD PRIMARY KEY (`sequence_name`);

--
-- Index pour la table `o_to_meet`
--
ALTER TABLE `o_to_meet`
  ADD PRIMARY KEY (`id`),
  ADD KEY `FKnnqwhxa44aufuqw45tsebdqcp` (`talent_code`);

--
-- Index pour la table `t_absence`
--
ALTER TABLE `t_absence`
  ADD PRIMARY KEY (`id`),
  ADD KEY `FKi0td3woh7uayehsbu50e4hv3m` (`talent_code`);

--
-- Index pour la table `t_equipe`
--
ALTER TABLE `t_equipe`
  ADD PRIMARY KEY (`id`),
  ADD KEY `FKk7e7245l9uaykp3m6gh1q0kv1` (`managerequipe_code`);

--
-- Index pour la table `t_manager`
--
ALTER TABLE `t_manager`
  ADD PRIMARY KEY (`code`);

--
-- Index pour la table `t_talent`
--
ALTER TABLE `t_talent`
  ADD PRIMARY KEY (`code`),
  ADD KEY `FKlspiall9oqdtjxrkowvwsrk80` (`equipe_id`),
  ADD KEY `FKh63l8s08sexxab61knvaqps6m` (`manager_code`);

--
-- AUTO_INCREMENT pour les tables déchargées
--

--
-- AUTO_INCREMENT pour la table `o_to_meet`
--
ALTER TABLE `o_to_meet`
  MODIFY `id` bigint(20) NOT NULL AUTO_INCREMENT, AUTO_INCREMENT=6;

--
-- AUTO_INCREMENT pour la table `t_equipe`
--
ALTER TABLE `t_equipe`
  MODIFY `id` bigint(20) NOT NULL AUTO_INCREMENT, AUTO_INCREMENT=17;

--
-- Contraintes pour les tables déchargées
--

--
-- Contraintes pour la table `o_to_meet`
--
ALTER TABLE `o_to_meet`
  ADD CONSTRAINT `FKnnqwhxa44aufuqw45tsebdqcp` FOREIGN KEY (`talent_code`) REFERENCES `t_talent` (`code`);

--
-- Contraintes pour la table `t_absence`
--
ALTER TABLE `t_absence`
  ADD CONSTRAINT `FKi0td3woh7uayehsbu50e4hv3m` FOREIGN KEY (`talent_code`) REFERENCES `t_talent` (`code`);

--
-- Contraintes pour la table `t_equipe`
--
ALTER TABLE `t_equipe`
  ADD CONSTRAINT `FKk7e7245l9uaykp3m6gh1q0kv1` FOREIGN KEY (`managerequipe_code`) REFERENCES `t_manager` (`code`);

--
-- Contraintes pour la table `t_talent`
--
ALTER TABLE `t_talent`
  ADD CONSTRAINT `FKh63l8s08sexxab61knvaqps6m` FOREIGN KEY (`manager_code`) REFERENCES `t_talent` (`code`),
  ADD CONSTRAINT `FKlspiall9oqdtjxrkowvwsrk80` FOREIGN KEY (`equipe_id`) REFERENCES `t_equipe` (`id`);
COMMIT;

/*!40101 SET CHARACTER_SET_CLIENT=@OLD_CHARACTER_SET_CLIENT */;
/*!40101 SET CHARACTER_SET_RESULTS=@OLD_CHARACTER_SET_RESULTS */;
/*!40101 SET COLLATION_CONNECTION=@OLD_COLLATION_CONNECTION */;
